<?xml version="1.0" encoding="UTF-8"?>
<!DOCTYPE suite SYSTEM "https://testng.org/testng-1.0.dtd">
<suite name="Suite">
  <test thread-count="5" name="Test">
    <classes>
      <class name="com.wenable.enterprise.DeviceDetailsView"/>
      <class name="com.wenable.enterprise.Data_Usage"/>
      <class name="com.wenable.enterprise.LoginInfo"/>
      <class name="com.wenable.enterprise.demo"/>
      <class name="com.wenable.enterprise.PolicyGroups"/>
      <class name="com.wenable.enterprise.Broadcast"/>
      <class name="com.wenable.enterprise.Privacypolicyterms"/>
      <class name="com.wenable.enterprise.AssociateAndDisassociate"/>
      <class name="com.wenable.enterprise.NormalUserLogin"/>
      <class name="com.wenable.enterprise.Company_Directory"/>
      <class name="com.wenable.enterprise.SuperAdminLogin"/>
      <class name="com.wenable.enterprise.LoginDemo"/>
      <class name="com.wenable.enterprise.updateReseller"/>
      <class name="com.wenable.enterprise.GetAllCustomerAdmins"/>
      <class name="com.wenable.enterprise.WeTalk"/>
      <class name="com.wenable.enterprise.Devicesmodule"/>
      <class name="com.wenable.enterprise.GetAllDistributors"/>
      <class name="com.wenable.enterprise.WeBox"/>
      <class name="com.wenable.enterprise.GetImpuser"/>
      <class name="com.wenable.enterprise.DashBoard"/>
      <class name="com.wenable.enterprise.demotest"/>
      <class name="com.wenable.enterprise.Deletedevicelessaccounts"/>
    </classes>
  </test> <!-- Test -->
</suite> <!-- Suite -->
